attack_id,hero_sum,cc_size_defend,base_ww_defend,th_attack_lower,th_attack_higher,first_attack,army_size_total,user_0,user_10001,user_10002,user_10003,user_10004,user_10005,user_10006,user_10007,user_10008,user_10010,user_10011,user_10014,user_10015,3_stars,Pred_3_stars,pred_error,Pred_prob_3_stars,pred_prob_error,pred_set
1,0.8866550175239261,0.43281503696080387,0.5776956178284688,0,0,1,0.5231482905375742,1,0,0,0,0,0,0,0,0,0,0,0,0,1,0,-1,0.3324677732904592,-0.6675322267095408,train
2,-2.405444107313063,-3.2164097844734236,-6.446181875720355,0,1,1,-3.3693850048637835,0,0,0,0,0,0,0,0,0,1,0,0,0,1,1,0,0.9999938539210415,-6.146078958546575e-06,test
3,-2.405444107313063,0.43281503696080387,0.6382462858763035,1,0,1,-2.0096644701687887,0,0,0,0,0,0,0,0,0,1,0,0,0,0,0,0,1.0875166287331927e-05,1.0875166287331927e-05,train
4,0.6379186392029091,0.43281503696080387,0.5776956178284688,0,0,1,0.5231482905375742,1,0,0,0,0,0,0,0,0,0,0,0,0,0,0,0,0.22621457259327804,0.22621457259327804,train
5,-0.13755359909202605,0.43281503696080387,0.5171449497806341,0,0,1,0.5231482905375742,0,0,0,0,0,1,0,0,0,0,0,0,0,0,0,0,0.0029909463993084582,0.0029909463993084582,test
6,0.6525501908688514,0.43281503696080387,0.6382462858763035,0,0,0,-1.0232005528410473,0,0,1,0,0,0,0,0,0,0,0,0,0,0,0,0,0.1421370671460555,0.1421370671460555,test
7,0.6525501908688514,0.43281503696080387,0.6382462858763035,0,0,1,0.4698259166279666,0,0,1,0,0,0,0,0,0,0,0,0,0,0,0,0,0.23563685662933528,0.23563685662933528,train
8,-0.2692375640855056,0.43281503696080387,0.5776956178284688,0,0,1,0.5231482905375742,0,0,0,0,0,1,0,0,0,0,0,0,0,0,0,0,0.0019073758651327486,0.0019073758651327486,train
9,0.8866550175239261,0.43281503696080387,0.5776956178284688,0,0,1,0.5231482905375742,1,0,0,0,0,0,0,0,0,0,0,0,0,0,0,0,0.3324677732904592,0.3324677732904592,train
10,0.6232870875369669,-1.1311384579395793,-3.2975471372329515,0,1,1,-7.368563048084356,1,0,0,0,0,0,0,0,0,0,0,0,0,1,1,0,0.9541302696340446,-0.04586973036595543,train
11,0.8866550175239261,0.43281503696080387,0.5776956178284688,0,0,0,0.5231482905375742,1,0,0,0,0,0,0,0,0,0,0,0,0,0,1,1,0.5248820044071345,0.5248820044071345,test
12,-0.3277637707492743,0.43281503696080387,0.7593476219719729,0,0,1,0.5231482905375742,1,0,0,0,0,0,0,0,0,0,0,0,0,0,0,0,0.021777042329291056,0.021777042329291056,train
13,0.6525501908688514,0.43281503696080387,0.5171449497806341,0,0,0,0.5231482905375742,0,0,0,1,0,0,0,0,0,0,0,0,0,1,1,0,0.7876752142906494,-0.21232478570935065,train
14,0.6379186392029091,0.43281503696080387,0.5776956178284688,0,0,0,0.5231482905375742,0,0,0,0,1,0,0,0,0,0,0,0,0,0,1,1,0.5864992618099886,0.5864992618099886,train
15,0.6525501908688514,0.43281503696080387,0.5776956178284688,0,0,0,0.5231482905375742,0,0,0,1,0,0,0,0,0,0,0,0,0,1,1,0,0.7580601462621729,-0.24193985373782712,test
16,0.6379186392029091,0.43281503696080387,0.6382462858763035,0,0,0,0.5231482905375742,0,0,0,0,1,0,0,0,0,0,0,0,0,0,1,1,0.5450318840219582,0.5450318840219582,train
17,-0.3277637707492743,0.43281503696080387,0.7593476219719729,0,0,0,0.5231482905375742,1,0,0,0,0,0,0,0,0,0,0,0,0,0,0,0,0.04705561824722728,0.04705561824722728,train
18,0.6232870875369669,0.43281503696080387,0.5776956178284688,0,0,0,0.016585738396301637,1,0,0,0,0,0,0,0,0,0,0,0,0,0,0,0,0.27980050262647715,0.27980050262647715,train
19,-1.820182040675376,0.43281503696080387,-0.02781106264987812,1,0,1,-2.0096644701687887,0,0,0,0,0,0,0,0,0,1,0,0,0,0,0,0,0.00024412053580954125,0.00024412053580954125,train
20,-0.2692375640855056,0.43281503696080387,0.6382462858763035,0,0,1,0.5231482905375742,0,0,0,0,0,1,0,0,0,0,0,0,0,0,0,0,0.0016114424411361793,0.0016114424411361793,test
21,-1.820182040675376,-0.6098206263061183,-1.6626790999414147,1,0,1,-2.0096644701687887,0,0,0,0,0,0,0,0,0,1,0,0,0,0,0,0,0.036468778965020564,0.036468778965020564,train
22,-1.6884980756818964,-0.6098206263061183,-1.5415777638457455,0,1,1,-2.1429704049428078,1,0,0,0,0,0,0,0,0,0,0,0,0,0,0,0,0.10960818504353198,0.10960818504353198,train
23,0.6525501908688514,0.43281503696080387,0.7593476219719729,0,0,1,0.4698259166279666,0,0,1,0,0,0,0,0,0,0,0,0,0,1,0,-1,0.18026672852656012,-0.8197332714734399,test
24,0.6525501908688514,0.43281503696080387,0.7593476219719729,0,0,1,0.4698259166279666,0,0,1,0,0,0,0,0,0,0,0,0,0,0,0,0,0.18026672852656012,0.18026672852656012,test
25,-1.6884980756818964,-0.6098206263061183,-1.60212843189358,0,1,1,-2.0096644701687887,1,0,0,0,0,0,0,0,0,0,0,0,0,0,0,0,0.1419378967329906,0.1419378967329906,train
26,-0.2692375640855056,0.43281503696080387,0.6382462858763035,0,0,1,0.5231482905375742,0,0,0,0,0,1,0,0,0,0,0,0,0,0,0,0,0.0016114424411361793,0.0016114424411361793,train
27,-1.995760660666682,-1.1311384579395793,-2.5709391206589354,0,1,1,-0.8099110572026168,1,0,0,0,0,0,0,0,0,0,0,0,0,1,1,0,0.8355748179560025,-0.16442518204399748,test
28,-1.98112910900074,-0.6098206263061183,-1.60212843189358,0,0,0,-0.8099110572026168,1,0,0,0,0,0,0,0,0,0,0,0,0,0,0,0,0.32190519732282374,0.32190519732282374,train
29,0.7257079491985622,0.43281503696080387,0.7593476219719729,0,0,1,0.5231482905375742,1,0,0,0,0,0,0,0,0,0,0,0,0,0,0,0,0.1753086482960247,0.1753086482960247,test
30,0.7257079491985622,0.43281503696080387,0.5776956178284688,0,0,1,0.5231482905375742,1,0,0,0,0,0,0,0,0,0,0,0,0,0,0,0,0.2608075350666163,0.2608075350666163,test
31,0.6232870875369669,0.43281503696080387,0.5776956178284688,0,0,1,0.5231482905375742,1,0,0,0,0,0,0,0,0,0,0,0,0,1,0,-1,0.22077602501828894,-0.779223974981711,train
32,-0.7081841140637708,-0.6098206263061183,-1.5415777638457455,0,1,0,-0.1700425702873251,1,0,0,0,0,0,0,0,0,0,0,0,0,1,1,0,0.9355249441050031,-0.06447505589499691,train
33,0.21360364089058612,0.43281503696080387,0.03273960539795657,0,0,1,0.5231482905375742,1,0,0,0,0,0,0,0,0,0,0,0,0,1,0,-1,0.35010216757439444,-0.6498978324256055,train
34,-0.7081841140637708,-0.6098206263061183,-1.60212843189358,0,1,0,-0.35667087897095184,1,0,0,0,0,0,0,0,0,0,0,0,0,1,1,0,0.9350225279202751,-0.06497747207972493,train
35,0.21360364089058612,0.43281503696080387,0.5171449497806341,1,0,1,0.5231482905375742,1,0,0,0,0,0,0,0,0,0,0,0,0,0,0,0,0.006810277924841241,0.006810277924841241,train
36,0.6232870875369669,0.43281503696080387,0.5776956178284688,0,0,1,0.5231482905375742,1,0,0,0,0,0,0,0,0,0,0,0,0,1,0,-1,0.22077602501828894,-0.779223974981711,train
37,-2.6249173823021956,-0.6098206263061183,-1.6626790999414147,0,0,0,-0.8099110572026168,0,0,0,0,0,0,0,0,1,0,0,0,0,0,0,0,0.10678231430002569,0.10678231430002569,train
38,0.6964448458666779,0.43281503696080387,0.5171449497806341,0,0,0,0.5231482905375742,1,0,0,0,0,0,0,0,0,0,0,0,0,0,0,0,0.46532978815024567,0.46532978815024567,train
39,0.6818132942007357,0.43281503696080387,0.5171449497806341,0,0,0,0.4964871035827704,1,0,0,0,0,0,0,0,0,0,0,0,0,0,0,0,0.4512661013627737,0.4512661013627737,train
40,0.6964448458666779,0.43281503696080387,0.5171449497806341,0,0,0,0.5231482905375742,1,0,0,0,0,0,0,0,0,0,0,0,0,1,0,-1,0.46532978815024567,-0.5346702118497544,test
41,0.6964448458666779,0.43281503696080387,0.7593476219719729,0,0,1,0.5231482905375742,1,0,0,0,0,0,0,0,0,0,0,0,0,1,0,-1,0.16643048128833926,-0.8335695187116607,test
42,0.6964448458666779,0.43281503696080387,0.7593476219719729,0,0,0,0.5231482905375742,1,0,0,0,0,0,0,0,0,0,0,0,0,0,0,0,0.30693572619675835,0.30693572619675835,train
43,0.6379186392029091,0.43281503696080387,0.7593476219719729,0,0,0,-1.3431347962986933,1,0,0,0,0,0,0,0,0,0,0,0,0,0,0,0,0.06228143058495956,0.06228143058495956,train
44,0.6379186392029091,0.43281503696080387,0.5776956178284688,0,0,0,0.5231482905375742,1,0,0,0,0,0,0,0,0,0,0,0,0,1,0,-1,0.39337305815878454,-0.6066269418412155,train
45,-0.2838691157514478,-0.6098206263061183,-0.5122164070325557,0,1,1,0.5231482905375742,0,1,0,0,0,0,0,0,0,0,0,0,0,1,1,0,0.9443049036605041,-0.055695096339495875,test
46,0.6525501908688514,0.43281503696080387,0.6987969539241382,0,0,1,0.5231482905375742,0,0,0,1,0,0,0,0,0,0,0,0,0,1,1,0,0.5019070477314045,-0.4980929522685955,train
47,0.5940239842050826,-0.08850279467265722,-0.9966217514152332,0,1,1,0.38984235576355514,0,0,0,0,0,0,0,1,0,0,0,0,0,1,1,0,0.9733126186675062,-0.02668738133249382,train
48,0.6379186392029091,0.43281503696080387,0.6987969539241382,0,0,1,0.5231482905375742,0,0,0,0,1,0,0,0,0,0,0,0,0,0,0,0,0.31325763583942,0.31325763583942,train
49,0.6525501908688514,0.43281503696080387,0.7593476219719729,0,0,0,0.5231482905375742,0,0,0,1,0,0,0,0,0,0,0,0,0,0,1,1,0.6537101931289373,0.6537101931289373,train
50,0.6379186392029091,0.43281503696080387,0.6382462858763035,0,0,0,0.5231482905375742,0,0,0,0,1,0,0,0,0,0,0,0,0,1,1,0,0.5450318840219582,-0.45496811597804176,train
51,0.5940239842050826,-0.6098206263061183,-1.6626790999414147,0,1,0,0.38984235576355514,0,0,0,0,0,0,0,1,0,0,0,0,0,1,1,0,0.9984877746387593,-0.0015122253612407377,train
52,-0.2838691157514478,0.43281503696080387,-0.02781106264987812,0,1,0,0.5231482905375742,0,1,0,0,0,0,0,0,0,0,0,0,0,1,1,0,0.8572658235560077,-0.14273417644399233,train
53,-2.2006023839898723,0.43281503696080387,0.6382462858763035,1,0,0,-1.3431347962986933,0,0,0,0,0,0,0,0,0,0,0,0,0,0,0,0,1.202998551547209e-05,1.202998551547209e-05,train
54,-2.2006023839898723,-0.6098206263061183,-1.6626790999414147,0,0,0,-2.409582274490846,0,0,0,0,0,0,0,0,0,0,0,0,0,0,0,0,0.08116693802308174,0.08116693802308174,test
55,0.6232870875369669,0.43281503696080387,0.5776956178284688,0,0,1,0.5231482905375742,1,0,0,0,0,0,0,0,0,0,0,0,0,0,0,0,0.22077602501828894,0.22077602501828894,train
56,0.6379186392029091,0.43281503696080387,0.5776956178284688,0,0,1,0.5231482905375742,1,0,0,0,0,0,0,0,0,0,0,0,0,0,0,0,0.22621457259327804,0.22621457259327804,train
57,-1.7323927306797229,-1.1311384579395793,-2.449837784563266,0,1,1,-1.3431347962986933,0,0,0,0,0,0,0,0,0,0,0,0,0,1,1,0,0.8151978776852846,-0.18480212231471538,test
58,0.6525501908688514,0.43281503696080387,0.7593476219719729,0,0,1,0.4698259166279666,0,0,1,0,0,0,0,0,0,0,0,0,0,1,0,-1,0.18026672852656012,-0.8197332714734399,train
59,0.6525501908688514,0.43281503696080387,0.7593476219719729,0,0,1,0.4698259166279666,0,0,1,0,0,0,0,0,0,0,0,0,0,0,0,0,0.18026672852656012,0.18026672852656012,train
60,-2.5517596239724845,-1.1311384579395793,-2.7525911248024393,0,0,1,-2.9428060135869223,0,0,0,0,0,0,0,0,0,1,0,0,0,1,1,0,0.6381662404863047,-0.36183375951369534,train
61,0.8866550175239261,0.43281503696080387,0.03273960539795657,0,1,1,0.5231482905375742,1,0,0,0,0,0,0,0,0,0,0,0,0,1,1,0,0.7460649774271723,-0.25393502257282774,train
62,0.8866550175239261,0.43281503696080387,0.5171449497806341,0,0,1,0.5231482905375742,1,0,0,0,0,0,0,0,0,0,0,0,0,1,0,-1,0.37094857240141604,-0.6290514275985839,train
63,-1.0886044573782674,-0.6098206263061183,-1.60212843189358,0,0,1,-0.8099110572026168,1,0,0,0,0,0,0,0,0,0,0,0,0,0,1,1,0.5914600196804147,0.5914600196804147,train
64,-1.0886044573782674,-1.1311384579395793,-2.5709391206589354,0,1,1,-1.5564242919371236,1,0,0,0,0,0,0,0,0,0,0,0,0,1,1,0,0.9458289231812943,-0.0541710768187057,train
65,0.8866550175239261,0.43281503696080387,0.27494227758929535,0,0,1,0.5231482905375742,0,0,0,0,0,1,0,0,0,0,0,0,0,0,0,0,0.050218547641261504,0.050218547641261504,train
66,0.6379186392029091,0.43281503696080387,0.7593476219719729,0,0,1,0.5231482905375742,1,0,0,0,0,0,0,0,0,0,0,0,0,0,0,0,0.14975854308782507,0.14975854308782507,train
67,0.6232870875369669,0.43281503696080387,0.5776956178284688,0,0,1,0.5231482905375742,1,0,0,0,0,0,0,0,0,0,0,0,0,1,0,-1,0.22077602501828894,-0.779223974981711,test
68,0.6671817425347935,0.43281503696080387,0.09329027344579126,0,1,1,0.5231482905375742,0,0,0,0,0,0,1,0,0,0,0,0,0,1,1,0,0.6404200993757326,-0.35957990062426737,train
69,0.7257079491985622,0.43281503696080387,0.6382462858763035,0,0,1,0.5231482905375742,0,0,0,0,0,1,0,0,0,0,0,0,0,0,0,0,0.013414030209112606,0.013414030209112606,test
70,-0.25460601241956343,0.43281503696080387,0.6382462858763035,0,0,0,0.5231482905375742,0,1,0,0,0,0,0,0,0,0,0,0,0,1,0,-1,0.4360701026263873,-0.5639298973736127,test
71,-1.2056568707058046,-0.6098206263061183,-1.9048817721327536,0,0,1,-0.8099110572026168,0,0,0,0,0,0,0,0,1,0,0,0,0,1,1,0,0.688858281266677,-0.31114171873332297,train
72,0.6671817425347935,0.43281503696080387,0.27494227758929535,0,0,0,0.5231482905375742,0,0,0,0,0,0,1,0,0,0,0,0,0,1,1,0,0.6484960382422142,-0.35150396175778575,train
73,-0.25460601241956343,0.43281503696080387,0.6987969539241382,0,0,1,0.5231482905375742,0,1,0,0,0,0,0,0,0,0,0,0,0,1,0,-1,0.22746566990664815,-0.7725343300933518,train
74,0.6232870875369669,0.43281503696080387,0.7593476219719729,0,0,1,0.5231482905375742,1,0,0,0,0,0,0,0,0,0,0,0,0,0,0,0,0.1458117418948185,0.1458117418948185,train
75,0.18434053755870178,-0.6098206263061183,-1.5415777638457455,0,1,1,0.5231482905375742,1,0,0,0,0,0,0,0,0,0,0,0,0,1,1,0,0.9884335746322394,-0.011566425367760647,train
76,0.18434053755870178,-0.6098206263061183,-1.60212843189358,0,1,0,0.5231482905375742,1,0,0,0,0,0,0,0,0,0,0,0,0,1,1,0,0.9955640386644354,-0.004435961335564564,train
77,0.6232870875369669,0.43281503696080387,0.7593476219719729,0,0,0,0.5231482905375742,1,0,0,0,0,0,0,0,0,0,0,0,0,0,0,0,0.2746453204614996,0.2746453204614996,train
78,0.6232870875369669,0.43281503696080387,0.5776956178284688,0,0,0,-1.0765229267506549,1,0,0,0,0,0,0,0,0,0,0,0,0,0,0,0,0.12096694390261183,0.12096694390261183,train
79,0.6232870875369669,0.43281503696080387,0.7593476219719729,0,0,0,0.5231482905375742,1,0,0,0,0,0,0,0,0,0,0,0,0,0,0,0,0.2746453204614996,0.2746453204614996,train
80,0.1111827792289909,0.43281503696080387,0.6987969539241382,1,0,1,0.38984235576355514,0,0,0,0,0,0,0,1,0,0,0,0,0,0,0,0,0.0034160589231571,0.0034160589231571,test
81,0.7257079491985622,0.43281503696080387,0.5776956178284688,0,0,0,0.5231482905375742,1,0,0,0,0,0,0,0,0,0,0,0,0,0,0,0,0.43902485517062734,0.43902485517062734,train
82,-1.2056568707058046,0.43281503696080387,0.7593476219719729,1,0,0,-0.8099110572026168,0,0,0,0,0,0,0,0,1,0,0,0,0,0,0,0,8.818646606571418e-05,8.818646606571418e-05,train
83,0.1111827792289909,0.43281503696080387,0.7593476219719729,1,0,0,0.38984235576355514,0,0,0,0,0,0,0,1,0,0,0,0,0,0,0,0,0.006380638870198399,0.006380638870198399,train
84,0.6525501908688514,0.43281503696080387,0.6987969539241382,0,0,0,0.5231482905375742,0,0,0,1,0,0,0,0,0,0,0,0,0,1,1,0,0.6908899661986728,-0.3091100338013272,train
85,-1.7323927306797229,-0.6098206263061183,-1.9048817721327536,0,0,0,-1.3431347962986933,0,0,0,0,0,0,0,0,0,0,0,0,0,1,1,0,0.5657121674052722,-0.4342878325947278,train
86,0.6379186392029091,0.43281503696080387,0.7593476219719729,0,0,0,0.5231482905375742,0,0,0,0,1,0,0,0,0,0,0,0,0,1,0,-1,0.4607873514369515,-0.5392126485630485,train
87,-2.5517596239724845,0.43281503696080387,0.7593476219719729,1,0,0,-2.9428060135869223,0,0,0,0,0,0,0,0,0,1,0,0,0,0,0,0,5.186130403178482e-06,5.186130403178482e-06,train
88,0.6525501908688514,0.43281503696080387,0.7593476219719729,0,0,0,0.5231482905375742,0,0,0,1,0,0,0,0,0,0,0,0,0,1,1,0,0.6537101931289373,-0.3462898068710627,train
89,0.6379186392029091,0.43281503696080387,0.7593476219719729,0,0,0,0.5231482905375742,0,0,0,0,1,0,0,0,0,0,0,0,0,1,0,-1,0.4607873514369515,-0.5392126485630485,test
90,-2.581022727304369,-1.1311384579395793,-2.5709391206589354,1,0,1,-2.0096644701687887,1,0,0,0,0,0,0,0,0,0,0,0,0,0,0,0,0.017387379060030937,0.017387379060030937,train
91,0.6525501908688514,0.43281503696080387,0.6987969539241382,0,0,1,0.4698259166279666,0,0,1,0,0,0,0,0,0,0,0,0,0,0,0,0,0.20658306429122292,0.20658306429122292,train
92,0.6525501908688514,0.43281503696080387,0.6987969539241382,0,0,1,0.4698259166279666,0,0,1,0,0,0,0,0,0,0,0,0,0,1,0,-1,0.20658306429122292,-0.793416935708777,train
93,0.6671817425347935,0.43281503696080387,0.6987969539241382,0,0,1,0.5231482905375742,0,0,0,1,0,0,0,0,0,0,0,0,0,1,1,0,0.5097406169300811,-0.4902593830699189,train
94,0.6525501908688514,0.43281503696080387,0.5171449497806341,0,0,1,0.5231482905375742,0,0,0,0,1,0,0,0,0,0,0,0,0,1,0,-1,0.43858454387054163,-0.5614154561294584,test
95,0.6671817425347935,0.43281503696080387,0.3960436136849647,0,0,1,0.5231482905375742,0,0,0,1,0,0,0,0,0,0,0,0,0,1,1,0,0.7075352234236859,-0.2924647765763141,train
96,-0.13755359909202605,0.43281503696080387,0.33549294563713,0,0,1,0.5231482905375742,0,0,0,0,0,1,0,0,0,0,0,0,0,0,0,0,0.004954537889537377,0.004954537889537377,train
97,-2.5517596239724845,-0.6098206263061183,-1.5415777638457455,0,0,1,-0.8099110572026168,1,0,0,0,0,0,0,0,0,0,0,0,0,0,0,0,0.050555379785764645,0.050555379785764645,train
98,-2.581022727304369,-0.6098206263061183,-1.5415777638457455,1,0,0,-2.0096644701687887,1,0,0,0,0,0,0,0,0,0,0,0,0,0,0,0,0.0017425244461127577,0.0017425244461127577,train
99,-1.7323927306797229,-1.1311384579395793,-2.449837784563266,0,1,1,-1.3431347962986933,0,0,0,0,0,0,0,0,0,0,0,0,0,1,1,0,0.8151978776852846,-0.18480212231471538,train
100,-1.820182040675376,-1.1311384579395793,-3.4791991413764554,0,1,1,-1.8763585353947696,0,0,0,0,0,0,0,0,0,1,0,0,0,1,1,0,0.9956289752671869,-0.004371024732813145,train
101,-1.820182040675376,-0.6098206263061183,-1.60212843189358,1,0,1,-1.8763585353947696,0,0,0,0,0,0,0,0,0,1,0,0,0,0,0,0,0.03501027081714209,0.03501027081714209,train
102,-0.13755359909202605,0.43281503696080387,0.15384094149362595,0,1,1,0.5231482905375742,0,0,0,0,0,1,0,0,0,0,0,0,0,0,0,0,0.010549446030853848,0.010549446030853848,train
103,-1.7323927306797229,-0.6098206263061183,-1.60212843189358,0,0,0,-1.3431347962986933,0,0,0,0,0,0,0,0,0,0,0,0,0,1,0,-1,0.35891006924478264,-0.6410899307552174,train
104,-1.1910253190398625,0.43281503696080387,0.15384094149362595,1,0,0,-0.8099110572026168,0,0,0,0,0,0,0,0,1,0,0,0,0,0,0,0,0.0004924238738857877,0.0004924238738857877,train
105,0.6671817425347935,0.43281503696080387,0.15384094149362595,0,1,0,-0.010075448558502183,0,0,0,0,0,0,1,0,0,0,0,0,0,0,1,1,0.6678945351325841,0.6678945351325841,train
106,-1.6884980756818964,-0.6098206263061183,-1.5415777638457455,0,0,1,-0.8099110572026168,1,0,0,0,0,0,0,0,0,0,0,0,0,0,0,0,0.2527881776828678,0.2527881776828678,train
107,-0.23997446075362125,0.43281503696080387,0.15384094149362595,0,1,0,0.5231482905375742,0,1,0,0,0,0,0,0,0,0,0,0,0,1,1,0,0.7990064335385186,-0.20099356646148137,train
108,-1.1910253190398625,0.43281503696080387,0.33549294563713,1,0,0,-0.8099110572026168,0,0,0,0,0,0,0,0,1,0,0,0,0,0,0,0,0.0002967381718065182,0.0002967381718065182,train
109,-0.23997446075362125,0.43281503696080387,0.33549294563713,0,0,0,0.5231482905375742,0,1,0,0,0,0,0,0,0,0,0,0,0,1,1,0,0.6499200996535021,-0.35007990034649794,test
110,0.6671817425347935,0.43281503696080387,0.6987969539241382,0,0,0,0.5231482905375742,0,0,0,0,0,0,1,0,0,0,0,0,0,1,0,-1,0.3612757806049852,-0.6387242193950148,train
111,0.6525501908688514,0.43281503696080387,0.6987969539241382,0,0,0,0.5231482905375742,0,0,0,0,1,0,0,0,0,0,0,0,0,1,1,0,0.5107635789052862,-0.48923642109471377,train
112,0.12581433089493307,0.43281503696080387,0.6987969539241382,1,0,0,0.30985879489914364,0,0,0,0,0,0,0,1,0,0,0,0,0,0,0,0,0.007219010700282381,0.007219010700282381,train
113,0.8866550175239261,0.43281503696080387,0.8198982900198075,0,0,1,0.5231482905375742,1,0,0,0,0,0,0,0,0,0,0,0,0,0,0,0,0.20219601135587426,0.20219601135587426,test
114,0.8866550175239261,0.43281503696080387,0.7593476219719729,0,0,1,0.5231482905375742,1,0,0,0,0,0,0,0,0,0,0,0,0,0,0,0,0.23081229888759133,0.23081229888759133,train
115,0.8866550175239261,0.43281503696080387,0.5776956178284688,0,0,1,0.5231482905375742,1,0,0,0,0,0,0,0,0,0,0,0,0,1,0,-1,0.3324677732904592,-0.6675322267095408,train
116,0.8866550175239261,0.43281503696080387,0.5776956178284688,0,0,1,0.5231482905375742,1,0,0,0,0,0,0,0,0,0,0,0,0,0,0,0,0.3324677732904592,0.3324677732904592,train
117,0.12581433089493307,0.43281503696080387,0.6987969539241382,1,0,0,0.30985879489914364,0,0,0,0,0,0,0,1,0,0,0,0,0,0,0,0,0.007219010700282381,0.007219010700282381,train
118,0.8866550175239261,0.43281503696080387,0.5776956178284688,0,0,1,0.5231482905375742,1,0,0,0,0,0,0,0,0,0,0,0,0,1,0,-1,0.3324677732904592,-0.6675322267095408,test
119,0.8866550175239261,0.43281503696080387,0.5171449497806341,0,0,1,0.5231482905375742,1,0,0,0,0,0,0,0,0,0,0,0,0,0,0,0,0.37094857240141604,0.37094857240141604,train
120,0.1111827792289909,0.43281503696080387,0.03273960539795657,0,0,1,0.4698259166279666,1,0,0,0,0,0,0,0,0,0,0,0,0,0,0,0,0.29140060802187406,0.29140060802187406,train
121,-0.2107113574217369,-1.1311384579395793,-2.5709391206589354,0,1,0,0.5231482905375742,1,0,0,0,0,0,0,0,0,0,0,0,0,1,1,0,0.9994534692838508,-0.000546530716149185,train
122,0.1111827792289909,-0.6098206263061183,-1.5415777638457455,0,1,0,0.4698259166279666,1,0,0,0,0,0,0,0,0,0,0,0,0,1,1,0,0.9935509151801483,-0.006449084819851736,test
123,-0.2107113574217369,-0.6098206263061183,-1.5415777638457455,0,1,0,0.5231482905375742,1,0,0,0,0,0,0,0,0,0,0,0,0,1,1,0,0.9878537280700845,-0.012146271929915464,train
124,0.8866550175239261,0.43281503696080387,0.03273960539795657,0,1,0,0.5231482905375742,1,0,0,0,0,0,0,0,0,0,0,0,0,1,1,0,0.8669653413051062,-0.13303465869489384,train
125,0.8866550175239261,0.43281503696080387,0.5171449497806341,0,0,0,0.5231482905375742,1,0,0,0,0,0,0,0,0,0,0,0,0,0,1,1,0.5667259595242635,0.5667259595242635,train
126,0.8866550175239261,0.43281503696080387,0.8198982900198075,0,0,0,0.5231482905375742,1,0,0,0,0,0,0,0,0,0,0,0,0,0,0,0,0.3598603481614418,0.3598603481614418,train
127,0.8866550175239261,0.43281503696080387,0.5776956178284688,0,0,0,0.5231482905375742,1,0,0,0,0,0,0,0,0,0,0,0,0,1,1,0,0.5248820044071345,-0.4751179955928655,train
128,-1.0886044573782674,-4.780363279373807,-1.5415777638457455,0,1,1,-0.46331562679016713,1,0,0,0,0,0,0,0,0,0,0,0,0,1,1,0,0.9380836178358971,-0.06191638216410289,test
129,-1.0886044573782674,-4.780363279373807,0.03273960539795657,0,0,1,-0.46331562679016713,1,0,0,0,0,0,0,0,0,0,0,0,0,0,0,0,0.1269785032006375,0.1269785032006375,train
130,0.6232870875369669,-4.780363279373807,0.5171449497806341,0,0,1,0.3631811688087513,1,0,0,0,0,0,0,0,0,0,0,0,0,1,1,0,0.7635601354367101,-0.23643986456328991,train
131,0.6964448458666779,-4.780363279373807,0.7593476219719729,0,0,1,0.5231482905375742,1,0,0,0,0,0,0,0,0,0,0,0,0,1,1,0,0.6911058321232645,-0.3088941678767355,train
132,0.6525501908688514,0.43281503696080387,0.7593476219719729,0,0,1,0.4698259166279666,0,0,1,0,0,0,0,0,0,0,0,0,0,0,0,0,0.18026672852656012,0.18026672852656012,train
133,0.71107639753262,-4.780363279373807,0.8198982900198075,0,0,1,0.5231482905375742,1,0,0,0,0,0,0,0,0,0,0,0,0,0,1,1,0.66099653398441,0.66099653398441,train
134,0.6525501908688514,0.43281503696080387,0.5776956178284688,0,0,1,0.41650354271835893,1,0,0,0,0,0,0,0,0,0,0,0,0,1,0,-1,0.21421122134534049,-0.7857887786546596,train
135,0.6525501908688514,0.43281503696080387,0.5776956178284688,0,0,1,0.41650354271835893,1,0,0,0,0,0,0,0,0,0,0,0,0,0,0,0,0.21421122134534049,0.21421122134534049,train
136,0.35991915755000786,-4.154781881413654,0.6382462858763035,0,0,1,0.5231482905375742,1,0,0,0,0,0,0,0,0,0,0,0,0,1,1,0,0.5330297317689678,-0.46697026823103216,test
137,0.5940239842050826,-0.08850279467265722,-0.3305644028890516,0,0,1,0.38984235576355514,0,0,0,0,0,0,0,1,0,0,0,0,0,1,1,0,0.815167733308263,-0.18483226669173702,train
138,0.5940239842050826,-0.08850279467265722,-0.9360710833673985,0,1,1,0.38984235576355514,0,0,0,0,0,0,0,1,0,0,0,0,0,1,1,0,0.9685566458704723,-0.0314433541295277,train
139,-0.13755359909202605,0.43281503696080387,0.5776956178284688,0,0,1,0.5231482905375742,0,0,0,0,0,1,0,0,0,0,0,0,0,0,0,0,0.002527320402024359,0.002527320402024359,train
140,-0.13755359909202605,0.43281503696080387,0.5776956178284688,0,0,1,0.5231482905375742,0,0,0,0,0,1,0,0,0,0,0,0,0,0,0,0,0.002527320402024359,0.002527320402024359,train
141,0.6525501908688514,0.43281503696080387,0.7593476219719729,0,0,1,0.256536420989536,0,0,1,0,0,0,0,0,0,0,0,0,0,0,0,0,0.1522515989419841,0.1522515989419841,train
142,0.35991915755000786,-0.6098206263061183,-1.5415777638457455,0,1,1,-0.8099110572026168,1,0,0,0,0,0,0,0,0,0,0,0,0,1,1,0,0.9723047829504506,-0.02769521704954936,test
143,0.47697157087754527,-4.780363279373807,0.8198982900198075,0,0,0,0.5231482905375742,1,0,0,0,0,0,0,0,0,0,0,0,0,0,1,1,0.723715370681112,0.723715370681112,test
144,0.47697157087754527,0.43281503696080387,0.5776956178284688,0,0,0,0.5231482905375742,1,0,0,0,0,0,0,0,0,0,0,0,0,1,0,-1,0.31477558122821436,-0.6852244187717856,train
145,-0.2253429090876791,0.43281503696080387,0.5776956178284688,0,0,0,0.5231482905375742,0,1,0,0,0,0,0,0,0,0,0,0,0,0,0,0,0.4936119884777655,0.4936119884777655,train
146,-0.2253429090876791,0.43281503696080387,0.6382462858763035,0,0,1,-0.8099110572026168,0,1,0,0,0,0,0,0,0,0,0,0,0,0,0,0,0.09476632567585049,0.09476632567585049,train
147,0.6818132942007357,0.43281503696080387,0.7593476219719729,0,0,1,0.5231482905375742,0,0,0,1,0,0,0,0,0,0,0,0,0,0,0,0,0.475372797209313,0.475372797209313,train
148,0.6671817425347935,0.43281503696080387,0.6987969539241382,0,0,1,0.5231482905375742,0,0,0,0,1,0,0,0,0,0,0,0,0,1,0,-1,0.3268966327213931,-0.6731033672786069,test
149,0.6671817425347935,0.43281503696080387,0.7593476219719729,0,0,0,0.5231482905375742,0,0,0,0,1,0,0,0,0,0,0,0,0,1,0,-1,0.47639380855771846,-0.5236061914422816,train
150,0.6818132942007357,0.43281503696080387,0.7593476219719729,0,0,0,0.5231482905375742,0,0,0,1,0,0,0,0,0,0,0,0,0,1,1,0,0.6677589391932987,-0.33224106080670135,train
151,-2.332286348983352,-0.6098206263061183,-1.7232297679892494,1,0,1,-1.8763585353947696,0,0,0,0,0,0,0,0,0,1,0,0,0,0,0,0,0.016699161215589075,0.016699161215589075,train
152,0.7403395008645044,-4.780363279373807,0.8198982900198075,0,0,0,0.5231482905375742,1,0,0,0,0,0,0,0,0,0,0,0,0,1,1,0,0.8215774560029643,-0.17842254399703572,test
153,0.6232870875369669,-1.1311384579395793,-2.5709391206589354,0,1,1,-0.8099110572026168,1,0,0,0,0,0,0,0,0,0,0,0,0,1,1,0,0.9992798824093537,-0.0007201175906462742,test
154,-1.7470242823456652,-0.6098206263061183,-1.7232297679892494,0,0,0,-0.8099110572026168,0,0,0,0,0,0,0,0,1,0,0,0,0,0,0,0,0.48131054827611897,0.48131054827611897,train
155,-2.332286348983352,0.43281503696080387,0.6382462858763035,1,0,0,-1.8763585353947696,0,0,0,0,0,0,0,0,0,1,0,0,0,0,0,0,3.20205902637121e-05,3.20205902637121e-05,train
156,0.7403395008645044,-4.780363279373807,0.03273960539795657,0,1,0,0.5231482905375742,1,0,0,0,0,0,0,0,0,0,0,0,0,1,1,0,0.9816107985188841,-0.01838920148111589,test
157,0.7403395008645044,-4.780363279373807,0.7593476219719729,0,0,0,0.5231482905375742,1,0,0,0,0,0,0,0,0,0,0,0,0,1,1,0,0.8450072407558538,-0.15499275924414624,train
158,-1.7323927306797229,-0.6098206263061183,-1.7232297679892494,0,0,0,-1.3431347962986933,0,0,0,0,0,0,0,0,0,0,0,0,0,0,0,0,0.4397177626248612,0.4397177626248612,train
159,0.7403395008645044,-4.154781881413654,0.6382462858763035,0,0,0,0.5231482905375742,1,0,0,0,0,0,0,0,0,0,0,0,0,1,1,0,0.8511672014165524,-0.14883279858344756,train
160,-0.6789210107318865,-0.6098206263061183,-1.5415777638457455,0,1,1,-0.1433813833325213,1,0,0,0,0,0,0,0,0,0,0,0,0,1,1,0,0.8771987291106981,-0.12280127088930193,train
161,0.6671817425347935,0.43281503696080387,0.6987969539241382,0,0,1,0.3631811688087513,0,0,1,0,0,0,0,0,0,0,0,0,0,0,0,0,0.19535840131650598,0.19535840131650598,train
162,0.4916031225434874,0.43281503696080387,0.6382462858763035,0,0,1,0.5231482905375742,1,0,0,0,0,0,0,0,0,0,0,0,0,1,0,-1,0.152891860921028,-0.847108139078972,train
163,0.6671817425347935,0.43281503696080387,0.7593476219719729,0,0,1,0.5231482905375742,1,0,0,0,0,0,0,0,0,0,0,0,0,0,0,0,0.15791583693643677,0.15791583693643677,train
164,-0.03513273743043083,-0.08850279467265722,-0.9360710833673985,0,1,1,-0.1700425702873251,1,0,0,0,0,0,0,0,0,0,0,0,0,1,1,0,0.8004615019562067,-0.1995384980437933,train
165,-0.020501185764488655,-0.08850279467265722,-0.8149697472717291,0,0,1,-0.1433813833325213,1,0,0,0,0,0,0,0,0,0,0,0,0,1,1,0,0.7012633336427421,-0.29873666635725793,train
166,0.1550774342268174,0.43281503696080387,0.5171449497806341,1,0,1,0.5231482905375742,1,0,0,0,0,0,0,0,0,0,0,0,0,0,0,0,0.006012730340922639,0.006012730340922639,train
167,0.5940239842050826,0.43281503696080387,0.5171449497806341,1,0,1,0.5231482905375742,1,0,0,0,0,0,0,0,0,0,0,0,0,0,0,0,0.01525207167422842,0.01525207167422842,train
168,0.8866550175239261,0.43281503696080387,0.21439160954146064,0,1,1,0.5231482905375742,0,0,0,0,0,1,0,0,0,0,0,0,0,0,0,0,0.07472822049394122,0.07472822049394122,train
169,0.7257079491985622,0.43281503696080387,0.7593476219719729,0,0,1,0.5231482905375742,1,0,0,0,0,0,0,0,0,0,0,0,0,0,0,0,0.1753086482960247,0.1753086482960247,train
170,0.7257079491985622,0.43281503696080387,0.21439160954146064,0,1,1,0.5231482905375742,0,0,0,0,0,0,1,0,0,0,0,0,0,1,1,0,0.5901908334292734,-0.40980916657072664,test
171,0.5940239842050826,0.43281503696080387,0.03273960539795657,0,0,1,0.5231482905375742,1,0,0,0,0,0,0,0,0,0,0,0,0,0,1,1,0.5489002566091075,0.5489002566091075,train
172,-0.41555308074492736,0.43281503696080387,0.5776956178284688,1,0,1,0.5231482905375742,1,0,0,0,0,0,0,0,0,0,0,0,0,0,0,0,0.0015027295917002166,0.0015027295917002166,test
173,0.8866550175239261,0.43281503696080387,-0.2700137348412169,0,1,1,0.5231482905375742,0,0,0,0,0,0,0,0,0,0,0,1,0,1,1,0,0.8870189701975046,-0.11298102980249536,train
174,-0.1082904957601417,0.43281503696080387,0.8198982900198075,1,0,1,-0.25002613115173655,1,0,0,0,0,0,0,0,0,0,0,0,0,0,0,0,0.0007093031473179328,0.0007093031473179328,train
175,0.00876191756739569,-0.08850279467265722,-0.3305644028890516,0,0,1,-0.1433813833325213,0,0,0,0,0,0,0,0,0,0,0,0,0,0,0,0,0.4263581508679641,0.4263581508679641,train
176,0.8427603625260995,-0.08850279467265722,-0.45166573898472095,0,1,1,0.41650354271835893,1,0,0,0,0,0,0,0,0,0,0,0,0,1,1,0,0.9223896786598532,-0.07761032134014678,train
177,0.5940239842050826,0.43281503696080387,0.5776956178284688,1,0,1,0.5231482905375742,1,0,0,0,0,0,0,0,0,0,0,0,0,0,0,0,0.01291246610926982,0.01291246610926982,test
178,0.8866550175239261,0.43281503696080387,0.4565942817327994,0,0,1,0.5231482905375742,0,0,0,0,0,0,0,0,0,0,1,0,0,0,0,0,0.11880886915688195,0.11880886915688195,train
179,-0.9422889407188456,0.43281503696080387,0.5171449497806341,1,0,1,0.256536420989536,1,0,0,0,0,0,0,0,0,0,0,0,0,0,0,0,0.0004474857540573464,0.0004474857540573464,train
180,-0.2107113574217369,0.43281503696080387,0.6382462858763035,0,0,1,0.5231482905375742,0,1,0,0,0,0,0,0,0,0,0,0,0,0,0,0,0.2769253569799939,0.2769253569799939,train
181,-1.7177611790137808,-0.08850279467265722,-0.9966217514152332,1,0,1,-1.2098288615246742,0,0,0,0,0,0,0,0,0,0,0,0,0,0,0,0,0.0021032238157305417,0.0021032238157305417,train
182,0.4916031225434874,0.43281503696080387,0.4565942817327994,1,0,1,0.5231482905375742,1,0,0,0,0,0,0,0,0,0,0,0,0,0,0,0,0.014512166842879691,0.014512166842879691,train
183,0.6671817425347935,0.43281503696080387,0.27494227758929535,0,1,1,0.5231482905375742,0,0,0,0,1,0,0,0,0,0,0,0,0,1,1,0,0.6714463132276413,-0.32855368677235874,train
184,0.6818132942007357,0.43281503696080387,0.8198982900198075,0,0,1,0.5231482905375742,0,0,0,1,0,0,0,0,0,0,0,0,0,0,0,0,0.43352493625714866,0.43352493625714866,train
185,-0.2692375640855056,-0.08850279467265722,-0.9360710833673985,0,1,1,-0.1433813833325213,1,0,0,0,0,0,0,0,0,0,0,0,0,1,1,0,0.7136275674854281,-0.2863724325145719,train
186,0.6671817425347935,0.43281503696080387,0.5171449497806341,0,0,1,0.4698259166279666,0,0,1,0,0,0,0,0,0,0,0,0,0,0,0,0,0.3083975419721724,0.3083975419721724,test
187,-1.073972905712325,-0.6098206263061183,-1.5415777638457455,0,1,1,-0.2766873181065404,1,0,0,0,0,0,0,0,0,0,0,0,0,1,1,0,0.7297670639303462,-0.2702329360696538,test
188,-0.37165842574710084,0.43281503696080387,0.5171449497806341,1,0,1,0.5231482905375742,1,0,0,0,0,0,0,0,0,0,0,0,0,0,0,0,0.001953737215746032,0.001953737215746032,train
189,0.37455070921595,0.43281503696080387,0.5171449497806341,1,0,1,0.5231482905375742,1,0,0,0,0,0,0,0,0,0,0,0,0,0,0,0,0.009586583252362602,0.009586583252362602,train
190,0.00876191756739569,0.43281503696080387,0.5171449497806341,1,0,1,0.5231482905375742,1,0,0,0,0,0,0,0,0,0,0,0,0,0,0,0,0.00440220785076994,0.00440220785076994,train
191,0.00876191756739569,0.43281503696080387,0.03273960539795657,1,0,1,-0.1433813833325213,1,0,0,0,0,0,0,0,0,0,0,0,0,0,0,0,0.008987311531256127,0.008987311531256127,train
192,-0.5472370457384069,-0.08850279467265722,-0.45166573898472095,0,0,1,-0.38333206592575564,1,0,0,0,0,0,0,0,0,0,0,0,0,0,0,0,0.18003924630896317,0.18003924630896317,train
193,0.8866550175239261,0.43281503696080387,0.6382462858763035,0,0,1,0.5231482905375742,1,0,0,0,0,0,0,0,0,0,0,0,0,0,0,0,0.2960998278199958,0.2960998278199958,test
194,0.8866550175239261,0.43281503696080387,0.5776956178284688,0,0,1,0.5231482905375742,1,0,0,0,0,0,0,0,0,0,0,0,0,0,0,0,0.3324677732904592,0.3324677732904592,test
195,-1.7177611790137808,-0.6098206263061183,-1.1782737555587373,1,0,1,-1.2098288615246742,0,0,0,0,0,0,0,0,0,0,0,0,0,0,0,0,0.004434704670911588,0.004434704670911588,train
196,0.00876191756739569,-0.08850279467265722,-0.5122164070325557,0,0,1,-0.1433813833325213,0,0,0,0,0,0,0,0,0,0,0,0,1,1,1,0,0.5522980053181841,-0.44770199468181593,test
197,0.5940239842050826,-0.08850279467265722,-0.45166573898472095,0,1,1,0.38984235576355514,0,0,0,0,0,0,0,1,0,0,0,0,0,1,1,0,0.8885938837547169,-0.11140611624528307,train
198,0.7403395008645044,0.43281503696080387,0.15384094149362595,0,1,1,0.5231482905375742,0,0,0,0,0,0,1,0,0,0,0,0,0,0,1,1,0.6376060306910417,0.6376060306910417,train
199,0.8866550175239261,0.43281503696080387,0.03273960539795657,0,1,1,0.5231482905375742,0,0,0,0,0,1,0,0,0,0,0,0,0,0,0,0,0.11820447464984836,0.11820447464984836,train
200,0.6818132942007357,0.43281503696080387,0.5171449497806341,0,0,1,0.5231482905375742,0,0,0,1,0,0,0,0,0,0,0,0,0,0,1,1,0.6403749803354984,0.6403749803354984,train
201,0.6671817425347935,0.43281503696080387,0.27494227758929535,0,0,1,0.5231482905375742,0,0,0,0,1,0,0,0,0,0,0,0,0,0,1,1,0.6130168315763052,0.6130168315763052,train
202,0.00876191756739569,0.43281503696080387,-0.6938684111760597,1,0,1,-0.1433813833325213,0,0,0,0,0,0,0,0,0,0,0,0,0,0,0,0,0.07325476980660578,0.07325476980660578,train
203,0.8866550175239261,0.43281503696080387,-0.02781106264987812,0,1,1,0.5231482905375742,0,0,0,0,0,0,0,0,0,0,0,1,0,0,1,1,0.7998033608504002,0.7998033608504002,test
204,0.5354977775413139,0.43281503696080387,0.8198982900198075,0,0,1,0.5231482905375742,1,0,0,0,0,0,0,0,0,0,0,0,0,0,0,0,0.10671295167896006,0.10671295167896006,test
205,0.8866550175239261,0.43281503696080387,0.33549294563713,0,0,1,0.5231482905375742,0,0,0,0,0,0,0,0,0,0,1,0,0,0,0,0,0.15896246593924263,0.15896246593924263,train
206,0.6232870875369669,0.43281503696080387,0.7593476219719729,0,0,1,0.5231482905375742,1,0,0,0,0,0,0,0,0,0,0,0,0,0,0,0,0.1458117418948185,0.1458117418948185,train
207,0.6086555358710248,0.43281503696080387,0.27494227758929535,0,0,1,0.5231482905375742,0,0,0,0,0,0,0,0,0,0,0,0,0,0,0,0,0.4232180400686244,0.4232180400686244,train
208,0.6379186392029091,0.43281503696080387,0.7593476219719729,0,0,1,0.5231482905375742,1,0,0,0,0,0,0,0,0,0,0,0,0,0,0,0,0.14975854308782507,0.14975854308782507,train
209,0.5940239842050826,-0.08850279467265722,-0.3911150709368863,0,1,1,0.5231482905375742,0,0,0,0,0,0,0,0,0,0,0,0,0,0,1,1,0.8821860949053743,0.8821860949053743,train
210,0.7549710525304465,0.43281503696080387,0.5776956178284688,0,0,1,0.5231482905375742,1,0,0,0,0,0,0,0,0,0,0,0,0,0,0,0,0.27307094270731314,0.27307094270731314,train
211,0.47697157087754527,-0.08850279467265722,-0.8149697472717291,0,1,1,0.5231482905375742,1,0,0,0,0,0,0,0,0,0,0,0,0,1,1,0,0.9430213920315679,-0.05697860796843213,train
212,-0.2107113574217369,-0.08850279467265722,-0.8149697472717291,0,1,1,0.5231482905375742,0,1,0,0,0,0,0,0,0,0,0,0,0,1,1,0,0.9731451094955658,-0.026854890504434237,train
213,0.7696026041963887,0.43281503696080387,0.7593476219719729,0,0,1,0.5231482905375742,0,0,0,0,0,1,0,0,0,0,0,0,0,0,0,0,0.010542708906215396,0.010542708906215396,train
214,0.12581433089493307,0.43281503696080387,0.7593476219719729,0,0,1,0.38984235576355514,0,0,0,0,0,0,0,1,0,0,0,0,0,0,0,0,0.05728828058375773,0.05728828058375773,train
215,0.6671817425347935,0.43281503696080387,0.7593476219719729,0,0,1,0.4698259166279666,0,0,1,0,0,0,0,0,0,0,0,0,0,0,0,0,0.18494422407010913,0.18494422407010913,train
216,-1.7177611790137808,-0.08850279467265722,0.7593476219719729,1,0,1,-1.2098288615246742,0,0,0,0,0,0,0,0,0,0,0,0,0,0,0,0,1.5726651047425967e-05,1.5726651047425967e-05,train
